Name,,,,,,
aaron,http://127.0.0.1:5000/name_home/,http://127.0.0.1:5000/name_home/AARON,"<option value=""","""/>", </option>,"<option value=""http://127.0.0.1:5000/name_home/AARON""/>AARON </option>"
abigail,http://127.0.0.1:5000/name_home/,http://127.0.0.1:5000/name_home/ABIGAIL,"<option value=""","""/>", </option>,"<option value=""http://127.0.0.1:5000/name_home/ABIGAIL""/>ABIGAIL </option>"
adam,http://127.0.0.1:5000/name_home/,http://127.0.0.1:5000/name_home/ADAM,"<option value=""","""/>", </option>,"<option value=""http://127.0.0.1:5000/name_home/ADAM""/>ADAM </option>"
adrian,http://127.0.0.1:5000/name_home/,http://127.0.0.1:5000/name_home/ADRIAN,"<option value=""","""/>", </option>,"<option value=""http://127.0.0.1:5000/name_home/ADRIAN""/>ADRIAN </option>"
aiden,http://127.0.0.1:5000/name_home/,http://127.0.0.1:5000/name_home/AIDEN,"<option value=""","""/>", </option>,"<option value=""http://127.0.0.1:5000/name_home/AIDEN""/>AIDEN </option>"
alexa,http://127.0.0.1:5000/name_home/,http://127.0.0.1:5000/name_home/ALEXA,"<option value=""","""/>", </option>,"<option value=""http://127.0.0.1:5000/name_home/ALEXA""/>ALEXA </option>"
alexander,http://127.0.0.1:5000/name_home/,http://127.0.0.1:5000/name_home/ALEXANDER,"<option value=""","""/>", </option>,"<option value=""http://127.0.0.1:5000/name_home/ALEXANDER""/>ALEXANDER </option>"
alexandra,http://127.0.0.1:5000/name_home/,http://127.0.0.1:5000/name_home/ALEXANDRA,"<option value=""","""/>", </option>,"<option value=""http://127.0.0.1:5000/name_home/ALEXANDRA""/>ALEXANDRA </option>"
alexis,http://127.0.0.1:5000/name_home/,http://127.0.0.1:5000/name_home/ALEXIS,"<option value=""","""/>", </option>,"<option value=""http://127.0.0.1:5000/name_home/ALEXIS""/>ALEXIS </option>"
allison,http://127.0.0.1:5000/name_home/,http://127.0.0.1:5000/name_home/ALLISON,"<option value=""","""/>", </option>,"<option value=""http://127.0.0.1:5000/name_home/ALLISON""/>ALLISON </option>"
alyssa,http://127.0.0.1:5000/name_home/,http://127.0.0.1:5000/name_home/ALYSSA,"<option value=""","""/>", </option>,"<option value=""http://127.0.0.1:5000/name_home/ALYSSA""/>ALYSSA </option>"
amanda,http://127.0.0.1:5000/name_home/,http://127.0.0.1:5000/name_home/AMANDA,"<option value=""","""/>", </option>,"<option value=""http://127.0.0.1:5000/name_home/AMANDA""/>AMANDA </option>"
amber,http://127.0.0.1:5000/name_home/,http://127.0.0.1:5000/name_home/AMBER,"<option value=""","""/>", </option>,"<option value=""http://127.0.0.1:5000/name_home/AMBER""/>AMBER </option>"
amelia,http://127.0.0.1:5000/name_home/,http://127.0.0.1:5000/name_home/AMELIA,"<option value=""","""/>", </option>,"<option value=""http://127.0.0.1:5000/name_home/AMELIA""/>AMELIA </option>"
amy,http://127.0.0.1:5000/name_home/,http://127.0.0.1:5000/name_home/AMY,"<option value=""","""/>", </option>,"<option value=""http://127.0.0.1:5000/name_home/AMY""/>AMY </option>"
andrea,http://127.0.0.1:5000/name_home/,http://127.0.0.1:5000/name_home/ANDREA,"<option value=""","""/>", </option>,"<option value=""http://127.0.0.1:5000/name_home/ANDREA""/>ANDREA </option>"
andrew,http://127.0.0.1:5000/name_home/,http://127.0.0.1:5000/name_home/ANDREW,"<option value=""","""/>", </option>,"<option value=""http://127.0.0.1:5000/name_home/ANDREW""/>ANDREW </option>"
angel,http://127.0.0.1:5000/name_home/,http://127.0.0.1:5000/name_home/ANGEL,"<option value=""","""/>", </option>,"<option value=""http://127.0.0.1:5000/name_home/ANGEL""/>ANGEL </option>"
angela,http://127.0.0.1:5000/name_home/,http://127.0.0.1:5000/name_home/ANGELA,"<option value=""","""/>", </option>,"<option value=""http://127.0.0.1:5000/name_home/ANGELA""/>ANGELA </option>"
angelina,http://127.0.0.1:5000/name_home/,http://127.0.0.1:5000/name_home/ANGELINA,"<option value=""","""/>", </option>,"<option value=""http://127.0.0.1:5000/name_home/ANGELINA""/>ANGELINA </option>"
anthony,http://127.0.0.1:5000/name_home/,http://127.0.0.1:5000/name_home/ANTHONY,"<option value=""","""/>", </option>,"<option value=""http://127.0.0.1:5000/name_home/ANTHONY""/>ANTHONY </option>"
aria,http://127.0.0.1:5000/name_home/,http://127.0.0.1:5000/name_home/ARIA,"<option value=""","""/>", </option>,"<option value=""http://127.0.0.1:5000/name_home/ARIA""/>ARIA </option>"
ashley,http://127.0.0.1:5000/name_home/,http://127.0.0.1:5000/name_home/ASHLEY,"<option value=""","""/>", </option>,"<option value=""http://127.0.0.1:5000/name_home/ASHLEY""/>ASHLEY </option>"
audrey,http://127.0.0.1:5000/name_home/,http://127.0.0.1:5000/name_home/AUDREY,"<option value=""","""/>", </option>,"<option value=""http://127.0.0.1:5000/name_home/AUDREY""/>AUDREY </option>"
austin,http://127.0.0.1:5000/name_home/,http://127.0.0.1:5000/name_home/AUSTIN,"<option value=""","""/>", </option>,"<option value=""http://127.0.0.1:5000/name_home/AUSTIN""/>AUSTIN </option>"
ava,http://127.0.0.1:5000/name_home/,http://127.0.0.1:5000/name_home/AVA,"<option value=""","""/>", </option>,"<option value=""http://127.0.0.1:5000/name_home/AVA""/>AVA </option>"
avery,http://127.0.0.1:5000/name_home/,http://127.0.0.1:5000/name_home/AVERY,"<option value=""","""/>", </option>,"<option value=""http://127.0.0.1:5000/name_home/AVERY""/>AVERY </option>"
barbara,http://127.0.0.1:5000/name_home/,http://127.0.0.1:5000/name_home/BARBARA,"<option value=""","""/>", </option>,"<option value=""http://127.0.0.1:5000/name_home/BARBARA""/>BARBARA </option>"
bella,http://127.0.0.1:5000/name_home/,http://127.0.0.1:5000/name_home/BELLA,"<option value=""","""/>", </option>,"<option value=""http://127.0.0.1:5000/name_home/BELLA""/>BELLA </option>"
benjamin,http://127.0.0.1:5000/name_home/,http://127.0.0.1:5000/name_home/BENJAMIN,"<option value=""","""/>", </option>,"<option value=""http://127.0.0.1:5000/name_home/BENJAMIN""/>BENJAMIN </option>"
brandon,http://127.0.0.1:5000/name_home/,http://127.0.0.1:5000/name_home/BRANDON,"<option value=""","""/>", </option>,"<option value=""http://127.0.0.1:5000/name_home/BRANDON""/>BRANDON </option>"
brian,http://127.0.0.1:5000/name_home/,http://127.0.0.1:5000/name_home/BRIAN,"<option value=""","""/>", </option>,"<option value=""http://127.0.0.1:5000/name_home/BRIAN""/>BRIAN </option>"
brianna,http://127.0.0.1:5000/name_home/,http://127.0.0.1:5000/name_home/BRIANNA,"<option value=""","""/>", </option>,"<option value=""http://127.0.0.1:5000/name_home/BRIANNA""/>BRIANNA </option>"
brittany,http://127.0.0.1:5000/name_home/,http://127.0.0.1:5000/name_home/BRITTANY,"<option value=""","""/>", </option>,"<option value=""http://127.0.0.1:5000/name_home/BRITTANY""/>BRITTANY </option>"
camila,http://127.0.0.1:5000/name_home/,http://127.0.0.1:5000/name_home/CAMILA,"<option value=""","""/>", </option>,"<option value=""http://127.0.0.1:5000/name_home/CAMILA""/>CAMILA </option>"
carlos,http://127.0.0.1:5000/name_home/,http://127.0.0.1:5000/name_home/CARLOS,"<option value=""","""/>", </option>,"<option value=""http://127.0.0.1:5000/name_home/CARLOS""/>CARLOS </option>"
carol,http://127.0.0.1:5000/name_home/,http://127.0.0.1:5000/name_home/CAROL,"<option value=""","""/>", </option>,"<option value=""http://127.0.0.1:5000/name_home/CAROL""/>CAROL </option>"
charles,http://127.0.0.1:5000/name_home/,http://127.0.0.1:5000/name_home/CHARLES,"<option value=""","""/>", </option>,"<option value=""http://127.0.0.1:5000/name_home/CHARLES""/>CHARLES </option>"
charlotte,http://127.0.0.1:5000/name_home/,http://127.0.0.1:5000/name_home/CHARLOTTE,"<option value=""","""/>", </option>,"<option value=""http://127.0.0.1:5000/name_home/CHARLOTTE""/>CHARLOTTE </option>"
chelsea,http://127.0.0.1:5000/name_home/,http://127.0.0.1:5000/name_home/CHELSEA,"<option value=""","""/>", </option>,"<option value=""http://127.0.0.1:5000/name_home/CHELSEA""/>CHELSEA </option>"
cheryl,http://127.0.0.1:5000/name_home/,http://127.0.0.1:5000/name_home/CHERYL,"<option value=""","""/>", </option>,"<option value=""http://127.0.0.1:5000/name_home/CHERYL""/>CHERYL </option>"
chloe,http://127.0.0.1:5000/name_home/,http://127.0.0.1:5000/name_home/CHLOE,"<option value=""","""/>", </option>,"<option value=""http://127.0.0.1:5000/name_home/CHLOE""/>CHLOE </option>"
christian,http://127.0.0.1:5000/name_home/,http://127.0.0.1:5000/name_home/CHRISTIAN,"<option value=""","""/>", </option>,"<option value=""http://127.0.0.1:5000/name_home/CHRISTIAN""/>CHRISTIAN </option>"
christina,http://127.0.0.1:5000/name_home/,http://127.0.0.1:5000/name_home/CHRISTINA,"<option value=""","""/>", </option>,"<option value=""http://127.0.0.1:5000/name_home/CHRISTINA""/>CHRISTINA </option>"
christine,http://127.0.0.1:5000/name_home/,http://127.0.0.1:5000/name_home/CHRISTINE,"<option value=""","""/>", </option>,"<option value=""http://127.0.0.1:5000/name_home/CHRISTINE""/>CHRISTINE </option>"
christopher,http://127.0.0.1:5000/name_home/,http://127.0.0.1:5000/name_home/CHRISTOPHER,"<option value=""","""/>", </option>,"<option value=""http://127.0.0.1:5000/name_home/CHRISTOPHER""/>CHRISTOPHER </option>"
crystal,http://127.0.0.1:5000/name_home/,http://127.0.0.1:5000/name_home/CRYSTAL,"<option value=""","""/>", </option>,"<option value=""http://127.0.0.1:5000/name_home/CRYSTAL""/>CRYSTAL </option>"
cynthia,http://127.0.0.1:5000/name_home/,http://127.0.0.1:5000/name_home/CYNTHIA,"<option value=""","""/>", </option>,"<option value=""http://127.0.0.1:5000/name_home/CYNTHIA""/>CYNTHIA </option>"
daniel,http://127.0.0.1:5000/name_home/,http://127.0.0.1:5000/name_home/DANIEL,"<option value=""","""/>", </option>,"<option value=""http://127.0.0.1:5000/name_home/DANIEL""/>DANIEL </option>"
danielle,http://127.0.0.1:5000/name_home/,http://127.0.0.1:5000/name_home/DANIELLE,"<option value=""","""/>", </option>,"<option value=""http://127.0.0.1:5000/name_home/DANIELLE""/>DANIELLE </option>"
david,http://127.0.0.1:5000/name_home/,http://127.0.0.1:5000/name_home/DAVID,"<option value=""","""/>", </option>,"<option value=""http://127.0.0.1:5000/name_home/DAVID""/>DAVID </option>"
dawn,http://127.0.0.1:5000/name_home/,http://127.0.0.1:5000/name_home/DAWN,"<option value=""","""/>", </option>,"<option value=""http://127.0.0.1:5000/name_home/DAWN""/>DAWN </option>"
deborah,http://127.0.0.1:5000/name_home/,http://127.0.0.1:5000/name_home/DEBORAH,"<option value=""","""/>", </option>,"<option value=""http://127.0.0.1:5000/name_home/DEBORAH""/>DEBORAH </option>"
debra,http://127.0.0.1:5000/name_home/,http://127.0.0.1:5000/name_home/DEBRA,"<option value=""","""/>", </option>,"<option value=""http://127.0.0.1:5000/name_home/DEBRA""/>DEBRA </option>"
denise,http://127.0.0.1:5000/name_home/,http://127.0.0.1:5000/name_home/DENISE,"<option value=""","""/>", </option>,"<option value=""http://127.0.0.1:5000/name_home/DENISE""/>DENISE </option>"
destiny,http://127.0.0.1:5000/name_home/,http://127.0.0.1:5000/name_home/DESTINY,"<option value=""","""/>", </option>,"<option value=""http://127.0.0.1:5000/name_home/DESTINY""/>DESTINY </option>"
diana,http://127.0.0.1:5000/name_home/,http://127.0.0.1:5000/name_home/DIANA,"<option value=""","""/>", </option>,"<option value=""http://127.0.0.1:5000/name_home/DIANA""/>DIANA </option>"
diego,http://127.0.0.1:5000/name_home/,http://127.0.0.1:5000/name_home/DIEGO,"<option value=""","""/>", </option>,"<option value=""http://127.0.0.1:5000/name_home/DIEGO""/>DIEGO </option>"
donald,http://127.0.0.1:5000/name_home/,http://127.0.0.1:5000/name_home/DONALD,"<option value=""","""/>", </option>,"<option value=""http://127.0.0.1:5000/name_home/DONALD""/>DONALD </option>"
donna,http://127.0.0.1:5000/name_home/,http://127.0.0.1:5000/name_home/DONNA,"<option value=""","""/>", </option>,"<option value=""http://127.0.0.1:5000/name_home/DONNA""/>DONNA </option>"
dylan,http://127.0.0.1:5000/name_home/,http://127.0.0.1:5000/name_home/DYLAN,"<option value=""","""/>", </option>,"<option value=""http://127.0.0.1:5000/name_home/DYLAN""/>DYLAN </option>"
elijah,http://127.0.0.1:5000/name_home/,http://127.0.0.1:5000/name_home/ELIJAH,"<option value=""","""/>", </option>,"<option value=""http://127.0.0.1:5000/name_home/ELIJAH""/>ELIJAH </option>"
elizabeth,http://127.0.0.1:5000/name_home/,http://127.0.0.1:5000/name_home/ELIZABETH,"<option value=""","""/>", </option>,"<option value=""http://127.0.0.1:5000/name_home/ELIZABETH""/>ELIZABETH </option>"
ella,http://127.0.0.1:5000/name_home/,http://127.0.0.1:5000/name_home/ELLA,"<option value=""","""/>", </option>,"<option value=""http://127.0.0.1:5000/name_home/ELLA""/>ELLA </option>"
emily,http://127.0.0.1:5000/name_home/,http://127.0.0.1:5000/name_home/EMILY,"<option value=""","""/>", </option>,"<option value=""http://127.0.0.1:5000/name_home/EMILY""/>EMILY </option>"
emma,http://127.0.0.1:5000/name_home/,http://127.0.0.1:5000/name_home/EMMA,"<option value=""","""/>", </option>,"<option value=""http://127.0.0.1:5000/name_home/EMMA""/>EMMA </option>"
eric,http://127.0.0.1:5000/name_home/,http://127.0.0.1:5000/name_home/ERIC,"<option value=""","""/>", </option>,"<option value=""http://127.0.0.1:5000/name_home/ERIC""/>ERIC </option>"
erin,http://127.0.0.1:5000/name_home/,http://127.0.0.1:5000/name_home/ERIN,"<option value=""","""/>", </option>,"<option value=""http://127.0.0.1:5000/name_home/ERIN""/>ERIN </option>"
ethan,http://127.0.0.1:5000/name_home/,http://127.0.0.1:5000/name_home/ETHAN,"<option value=""","""/>", </option>,"<option value=""http://127.0.0.1:5000/name_home/ETHAN""/>ETHAN </option>"
evelyn,http://127.0.0.1:5000/name_home/,http://127.0.0.1:5000/name_home/EVELYN,"<option value=""","""/>", </option>,"<option value=""http://127.0.0.1:5000/name_home/EVELYN""/>EVELYN </option>"
ezekiel,http://127.0.0.1:5000/name_home/,http://127.0.0.1:5000/name_home/EZEKIEL,"<option value=""","""/>", </option>,"<option value=""http://127.0.0.1:5000/name_home/EZEKIEL""/>EZEKIEL </option>"
ezra,http://127.0.0.1:5000/name_home/,http://127.0.0.1:5000/name_home/EZRA,"<option value=""","""/>", </option>,"<option value=""http://127.0.0.1:5000/name_home/EZRA""/>EZRA </option>"
gabriel,http://127.0.0.1:5000/name_home/,http://127.0.0.1:5000/name_home/GABRIEL,"<option value=""","""/>", </option>,"<option value=""http://127.0.0.1:5000/name_home/GABRIEL""/>GABRIEL </option>"
genesis,http://127.0.0.1:5000/name_home/,http://127.0.0.1:5000/name_home/GENESIS,"<option value=""","""/>", </option>,"<option value=""http://127.0.0.1:5000/name_home/GENESIS""/>GENESIS </option>"
gianna,http://127.0.0.1:5000/name_home/,http://127.0.0.1:5000/name_home/GIANNA,"<option value=""","""/>", </option>,"<option value=""http://127.0.0.1:5000/name_home/GIANNA""/>GIANNA </option>"
grace,http://127.0.0.1:5000/name_home/,http://127.0.0.1:5000/name_home/GRACE,"<option value=""","""/>", </option>,"<option value=""http://127.0.0.1:5000/name_home/GRACE""/>GRACE </option>"
gregory,http://127.0.0.1:5000/name_home/,http://127.0.0.1:5000/name_home/GREGORY,"<option value=""","""/>", </option>,"<option value=""http://127.0.0.1:5000/name_home/GREGORY""/>GREGORY </option>"
hailey,http://127.0.0.1:5000/name_home/,http://127.0.0.1:5000/name_home/HAILEY,"<option value=""","""/>", </option>,"<option value=""http://127.0.0.1:5000/name_home/HAILEY""/>HAILEY </option>"
hannah,http://127.0.0.1:5000/name_home/,http://127.0.0.1:5000/name_home/HANNAH,"<option value=""","""/>", </option>,"<option value=""http://127.0.0.1:5000/name_home/HANNAH""/>HANNAH </option>"
heather,http://127.0.0.1:5000/name_home/,http://127.0.0.1:5000/name_home/HEATHER,"<option value=""","""/>", </option>,"<option value=""http://127.0.0.1:5000/name_home/HEATHER""/>HEATHER </option>"
isaac,http://127.0.0.1:5000/name_home/,http://127.0.0.1:5000/name_home/ISAAC,"<option value=""","""/>", </option>,"<option value=""http://127.0.0.1:5000/name_home/ISAAC""/>ISAAC </option>"
isabella,http://127.0.0.1:5000/name_home/,http://127.0.0.1:5000/name_home/ISABELLA,"<option value=""","""/>", </option>,"<option value=""http://127.0.0.1:5000/name_home/ISABELLA""/>ISABELLA </option>"
jacob,http://127.0.0.1:5000/name_home/,http://127.0.0.1:5000/name_home/JACOB,"<option value=""","""/>", </option>,"<option value=""http://127.0.0.1:5000/name_home/JACOB""/>JACOB </option>"
jacqueline,http://127.0.0.1:5000/name_home/,http://127.0.0.1:5000/name_home/JACQUELINE,"<option value=""","""/>", </option>,"<option value=""http://127.0.0.1:5000/name_home/JACQUELINE""/>JACQUELINE </option>"
james,http://127.0.0.1:5000/name_home/,http://127.0.0.1:5000/name_home/JAMES,"<option value=""","""/>", </option>,"<option value=""http://127.0.0.1:5000/name_home/JAMES""/>JAMES </option>"
jamie,http://127.0.0.1:5000/name_home/,http://127.0.0.1:5000/name_home/JAMIE,"<option value=""","""/>", </option>,"<option value=""http://127.0.0.1:5000/name_home/JAMIE""/>JAMIE </option>"
jasmine,http://127.0.0.1:5000/name_home/,http://127.0.0.1:5000/name_home/JASMINE,"<option value=""","""/>", </option>,"<option value=""http://127.0.0.1:5000/name_home/JASMINE""/>JASMINE </option>"
jason,http://127.0.0.1:5000/name_home/,http://127.0.0.1:5000/name_home/JASON,"<option value=""","""/>", </option>,"<option value=""http://127.0.0.1:5000/name_home/JASON""/>JASON </option>"
jayden,http://127.0.0.1:5000/name_home/,http://127.0.0.1:5000/name_home/JAYDEN,"<option value=""","""/>", </option>,"<option value=""http://127.0.0.1:5000/name_home/JAYDEN""/>JAYDEN </option>"
jeffrey,http://127.0.0.1:5000/name_home/,http://127.0.0.1:5000/name_home/JEFFREY,"<option value=""","""/>", </option>,"<option value=""http://127.0.0.1:5000/name_home/JEFFREY""/>JEFFREY </option>"
jennifer,http://127.0.0.1:5000/name_home/,http://127.0.0.1:5000/name_home/JENNIFER,"<option value=""","""/>", </option>,"<option value=""http://127.0.0.1:5000/name_home/JENNIFER""/>JENNIFER </option>"
jeremy,http://127.0.0.1:5000/name_home/,http://127.0.0.1:5000/name_home/JEREMY,"<option value=""","""/>", </option>,"<option value=""http://127.0.0.1:5000/name_home/JEREMY""/>JEREMY </option>"
jessica,http://127.0.0.1:5000/name_home/,http://127.0.0.1:5000/name_home/JESSICA,"<option value=""","""/>", </option>,"<option value=""http://127.0.0.1:5000/name_home/JESSICA""/>JESSICA </option>"
jesus,http://127.0.0.1:5000/name_home/,http://127.0.0.1:5000/name_home/JESUS,"<option value=""","""/>", </option>,"<option value=""http://127.0.0.1:5000/name_home/JESUS""/>JESUS </option>"
jocelyn,http://127.0.0.1:5000/name_home/,http://127.0.0.1:5000/name_home/JOCELYN,"<option value=""","""/>", </option>,"<option value=""http://127.0.0.1:5000/name_home/JOCELYN""/>JOCELYN </option>"
john,http://127.0.0.1:5000/name_home/,http://127.0.0.1:5000/name_home/JOHN,"<option value=""","""/>", </option>,"<option value=""http://127.0.0.1:5000/name_home/JOHN""/>JOHN </option>"
jonathan,http://127.0.0.1:5000/name_home/,http://127.0.0.1:5000/name_home/JONATHAN,"<option value=""","""/>", </option>,"<option value=""http://127.0.0.1:5000/name_home/JONATHAN""/>JONATHAN </option>"
jose,http://127.0.0.1:5000/name_home/,http://127.0.0.1:5000/name_home/JOSE,"<option value=""","""/>", </option>,"<option value=""http://127.0.0.1:5000/name_home/JOSE""/>JOSE </option>"
joseph,http://127.0.0.1:5000/name_home/,http://127.0.0.1:5000/name_home/JOSEPH,"<option value=""","""/>", </option>,"<option value=""http://127.0.0.1:5000/name_home/JOSEPH""/>JOSEPH </option>"
joshua,http://127.0.0.1:5000/name_home/,http://127.0.0.1:5000/name_home/JOSHUA,"<option value=""","""/>", </option>,"<option value=""http://127.0.0.1:5000/name_home/JOSHUA""/>JOSHUA </option>"
juan,http://127.0.0.1:5000/name_home/,http://127.0.0.1:5000/name_home/JUAN,"<option value=""","""/>", </option>,"<option value=""http://127.0.0.1:5000/name_home/JUAN""/>JUAN </option>"
julian,http://127.0.0.1:5000/name_home/,http://127.0.0.1:5000/name_home/JULIAN,"<option value=""","""/>", </option>,"<option value=""http://127.0.0.1:5000/name_home/JULIAN""/>JULIAN </option>"
julie,http://127.0.0.1:5000/name_home/,http://127.0.0.1:5000/name_home/JULIE,"<option value=""","""/>", </option>,"<option value=""http://127.0.0.1:5000/name_home/JULIE""/>JULIE </option>"
justin,http://127.0.0.1:5000/name_home/,http://127.0.0.1:5000/name_home/JUSTIN,"<option value=""","""/>", </option>,"<option value=""http://127.0.0.1:5000/name_home/JUSTIN""/>JUSTIN </option>"
karen,http://127.0.0.1:5000/name_home/,http://127.0.0.1:5000/name_home/KAREN,"<option value=""","""/>", </option>,"<option value=""http://127.0.0.1:5000/name_home/KAREN""/>KAREN </option>"
katherine,http://127.0.0.1:5000/name_home/,http://127.0.0.1:5000/name_home/KATHERINE,"<option value=""","""/>", </option>,"<option value=""http://127.0.0.1:5000/name_home/KATHERINE""/>KATHERINE </option>"
kathleen,http://127.0.0.1:5000/name_home/,http://127.0.0.1:5000/name_home/KATHLEEN,"<option value=""","""/>", </option>,"<option value=""http://127.0.0.1:5000/name_home/KATHLEEN""/>KATHLEEN </option>"
kayla,http://127.0.0.1:5000/name_home/,http://127.0.0.1:5000/name_home/KAYLA,"<option value=""","""/>", </option>,"<option value=""http://127.0.0.1:5000/name_home/KAYLA""/>KAYLA </option>"
kelly,http://127.0.0.1:5000/name_home/,http://127.0.0.1:5000/name_home/KELLY,"<option value=""","""/>", </option>,"<option value=""http://127.0.0.1:5000/name_home/KELLY""/>KELLY </option>"
kenneth,http://127.0.0.1:5000/name_home/,http://127.0.0.1:5000/name_home/KENNETH,"<option value=""","""/>", </option>,"<option value=""http://127.0.0.1:5000/name_home/KENNETH""/>KENNETH </option>"
kevin,http://127.0.0.1:5000/name_home/,http://127.0.0.1:5000/name_home/KEVIN,"<option value=""","""/>", </option>,"<option value=""http://127.0.0.1:5000/name_home/KEVIN""/>KEVIN </option>"
kimberly,http://127.0.0.1:5000/name_home/,http://127.0.0.1:5000/name_home/KIMBERLY,"<option value=""","""/>", </option>,"<option value=""http://127.0.0.1:5000/name_home/KIMBERLY""/>KIMBERLY </option>"
kyle,http://127.0.0.1:5000/name_home/,http://127.0.0.1:5000/name_home/KYLE,"<option value=""","""/>", </option>,"<option value=""http://127.0.0.1:5000/name_home/KYLE""/>KYLE </option>"
laura,http://127.0.0.1:5000/name_home/,http://127.0.0.1:5000/name_home/LAURA,"<option value=""","""/>", </option>,"<option value=""http://127.0.0.1:5000/name_home/LAURA""/>LAURA </option>"
lauren,http://127.0.0.1:5000/name_home/,http://127.0.0.1:5000/name_home/LAUREN,"<option value=""","""/>", </option>,"<option value=""http://127.0.0.1:5000/name_home/LAUREN""/>LAUREN </option>"
layla,http://127.0.0.1:5000/name_home/,http://127.0.0.1:5000/name_home/LAYLA,"<option value=""","""/>", </option>,"<option value=""http://127.0.0.1:5000/name_home/LAYLA""/>LAYLA </option>"
leo,http://127.0.0.1:5000/name_home/,http://127.0.0.1:5000/name_home/LEO,"<option value=""","""/>", </option>,"<option value=""http://127.0.0.1:5000/name_home/LEO""/>LEO </option>"
leslie,http://127.0.0.1:5000/name_home/,http://127.0.0.1:5000/name_home/LESLIE,"<option value=""","""/>", </option>,"<option value=""http://127.0.0.1:5000/name_home/LESLIE""/>LESLIE </option>"
levi,http://127.0.0.1:5000/name_home/,http://127.0.0.1:5000/name_home/LEVI,"<option value=""","""/>", </option>,"<option value=""http://127.0.0.1:5000/name_home/LEVI""/>LEVI </option>"
liam,http://127.0.0.1:5000/name_home/,http://127.0.0.1:5000/name_home/LIAM,"<option value=""","""/>", </option>,"<option value=""http://127.0.0.1:5000/name_home/LIAM""/>LIAM </option>"
linda,http://127.0.0.1:5000/name_home/,http://127.0.0.1:5000/name_home/LINDA,"<option value=""","""/>", </option>,"<option value=""http://127.0.0.1:5000/name_home/LINDA""/>LINDA </option>"
lisa,http://127.0.0.1:5000/name_home/,http://127.0.0.1:5000/name_home/LISA,"<option value=""","""/>", </option>,"<option value=""http://127.0.0.1:5000/name_home/LISA""/>LISA </option>"
logan,http://127.0.0.1:5000/name_home/,http://127.0.0.1:5000/name_home/LOGAN,"<option value=""","""/>", </option>,"<option value=""http://127.0.0.1:5000/name_home/LOGAN""/>LOGAN </option>"
lori,http://127.0.0.1:5000/name_home/,http://127.0.0.1:5000/name_home/LORI,"<option value=""","""/>", </option>,"<option value=""http://127.0.0.1:5000/name_home/LORI""/>LORI </option>"
lucas,http://127.0.0.1:5000/name_home/,http://127.0.0.1:5000/name_home/LUCAS,"<option value=""","""/>", </option>,"<option value=""http://127.0.0.1:5000/name_home/LUCAS""/>LUCAS </option>"
luis,http://127.0.0.1:5000/name_home/,http://127.0.0.1:5000/name_home/LUIS,"<option value=""","""/>", </option>,"<option value=""http://127.0.0.1:5000/name_home/LUIS""/>LUIS </option>"
luna,http://127.0.0.1:5000/name_home/,http://127.0.0.1:5000/name_home/LUNA,"<option value=""","""/>", </option>,"<option value=""http://127.0.0.1:5000/name_home/LUNA""/>LUNA </option>"
madison,http://127.0.0.1:5000/name_home/,http://127.0.0.1:5000/name_home/MADISON,"<option value=""","""/>", </option>,"<option value=""http://127.0.0.1:5000/name_home/MADISON""/>MADISON </option>"
maria,http://127.0.0.1:5000/name_home/,http://127.0.0.1:5000/name_home/MARIA,"<option value=""","""/>", </option>,"<option value=""http://127.0.0.1:5000/name_home/MARIA""/>MARIA </option>"
mark,http://127.0.0.1:5000/name_home/,http://127.0.0.1:5000/name_home/MARK,"<option value=""","""/>", </option>,"<option value=""http://127.0.0.1:5000/name_home/MARK""/>MARK </option>"
mary,http://127.0.0.1:5000/name_home/,http://127.0.0.1:5000/name_home/MARY,"<option value=""","""/>", </option>,"<option value=""http://127.0.0.1:5000/name_home/MARY""/>MARY </option>"
mason,http://127.0.0.1:5000/name_home/,http://127.0.0.1:5000/name_home/MASON,"<option value=""","""/>", </option>,"<option value=""http://127.0.0.1:5000/name_home/MASON""/>MASON </option>"
mateo,http://127.0.0.1:5000/name_home/,http://127.0.0.1:5000/name_home/MATEO,"<option value=""","""/>", </option>,"<option value=""http://127.0.0.1:5000/name_home/MATEO""/>MATEO </option>"
matthew,http://127.0.0.1:5000/name_home/,http://127.0.0.1:5000/name_home/MATTHEW,"<option value=""","""/>", </option>,"<option value=""http://127.0.0.1:5000/name_home/MATTHEW""/>MATTHEW </option>"
maya,http://127.0.0.1:5000/name_home/,http://127.0.0.1:5000/name_home/MAYA,"<option value=""","""/>", </option>,"<option value=""http://127.0.0.1:5000/name_home/MAYA""/>MAYA </option>"
megan,http://127.0.0.1:5000/name_home/,http://127.0.0.1:5000/name_home/MEGAN,"<option value=""","""/>", </option>,"<option value=""http://127.0.0.1:5000/name_home/MEGAN""/>MEGAN </option>"
melanie,http://127.0.0.1:5000/name_home/,http://127.0.0.1:5000/name_home/MELANIE,"<option value=""","""/>", </option>,"<option value=""http://127.0.0.1:5000/name_home/MELANIE""/>MELANIE </option>"
melissa,http://127.0.0.1:5000/name_home/,http://127.0.0.1:5000/name_home/MELISSA,"<option value=""","""/>", </option>,"<option value=""http://127.0.0.1:5000/name_home/MELISSA""/>MELISSA </option>"
mia,http://127.0.0.1:5000/name_home/,http://127.0.0.1:5000/name_home/MIA,"<option value=""","""/>", </option>,"<option value=""http://127.0.0.1:5000/name_home/MIA""/>MIA </option>"
michael,http://127.0.0.1:5000/name_home/,http://127.0.0.1:5000/name_home/MICHAEL,"<option value=""","""/>", </option>,"<option value=""http://127.0.0.1:5000/name_home/MICHAEL""/>MICHAEL </option>"
michele,http://127.0.0.1:5000/name_home/,http://127.0.0.1:5000/name_home/MICHELE,"<option value=""","""/>", </option>,"<option value=""http://127.0.0.1:5000/name_home/MICHELE""/>MICHELE </option>"
michelle,http://127.0.0.1:5000/name_home/,http://127.0.0.1:5000/name_home/MICHELLE,"<option value=""","""/>", </option>,"<option value=""http://127.0.0.1:5000/name_home/MICHELLE""/>MICHELLE </option>"
mila,http://127.0.0.1:5000/name_home/,http://127.0.0.1:5000/name_home/MILA,"<option value=""","""/>", </option>,"<option value=""http://127.0.0.1:5000/name_home/MILA""/>MILA </option>"
monica,http://127.0.0.1:5000/name_home/,http://127.0.0.1:5000/name_home/MONICA,"<option value=""","""/>", </option>,"<option value=""http://127.0.0.1:5000/name_home/MONICA""/>MONICA </option>"
nancy,http://127.0.0.1:5000/name_home/,http://127.0.0.1:5000/name_home/NANCY,"<option value=""","""/>", </option>,"<option value=""http://127.0.0.1:5000/name_home/NANCY""/>NANCY </option>"
natalia,http://127.0.0.1:5000/name_home/,http://127.0.0.1:5000/name_home/NATALIA,"<option value=""","""/>", </option>,"<option value=""http://127.0.0.1:5000/name_home/NATALIA""/>NATALIA </option>"
natalie,http://127.0.0.1:5000/name_home/,http://127.0.0.1:5000/name_home/NATALIE,"<option value=""","""/>", </option>,"<option value=""http://127.0.0.1:5000/name_home/NATALIE""/>NATALIE </option>"
nathan,http://127.0.0.1:5000/name_home/,http://127.0.0.1:5000/name_home/NATHAN,"<option value=""","""/>", </option>,"<option value=""http://127.0.0.1:5000/name_home/NATHAN""/>NATHAN </option>"
nicholas,http://127.0.0.1:5000/name_home/,http://127.0.0.1:5000/name_home/NICHOLAS,"<option value=""","""/>", </option>,"<option value=""http://127.0.0.1:5000/name_home/NICHOLAS""/>NICHOLAS </option>"
nicole,http://127.0.0.1:5000/name_home/,http://127.0.0.1:5000/name_home/NICOLE,"<option value=""","""/>", </option>,"<option value=""http://127.0.0.1:5000/name_home/NICOLE""/>NICOLE </option>"
noah,http://127.0.0.1:5000/name_home/,http://127.0.0.1:5000/name_home/NOAH,"<option value=""","""/>", </option>,"<option value=""http://127.0.0.1:5000/name_home/NOAH""/>NOAH </option>"
oliver,http://127.0.0.1:5000/name_home/,http://127.0.0.1:5000/name_home/OLIVER,"<option value=""","""/>", </option>,"<option value=""http://127.0.0.1:5000/name_home/OLIVER""/>OLIVER </option>"
olivia,http://127.0.0.1:5000/name_home/,http://127.0.0.1:5000/name_home/OLIVIA,"<option value=""","""/>", </option>,"<option value=""http://127.0.0.1:5000/name_home/OLIVIA""/>OLIVIA </option>"
pamela,http://127.0.0.1:5000/name_home/,http://127.0.0.1:5000/name_home/PAMELA,"<option value=""","""/>", </option>,"<option value=""http://127.0.0.1:5000/name_home/PAMELA""/>PAMELA </option>"
patricia,http://127.0.0.1:5000/name_home/,http://127.0.0.1:5000/name_home/PATRICIA,"<option value=""","""/>", </option>,"<option value=""http://127.0.0.1:5000/name_home/PATRICIA""/>PATRICIA </option>"
paul,http://127.0.0.1:5000/name_home/,http://127.0.0.1:5000/name_home/PAUL,"<option value=""","""/>", </option>,"<option value=""http://127.0.0.1:5000/name_home/PAUL""/>PAUL </option>"
penelope,http://127.0.0.1:5000/name_home/,http://127.0.0.1:5000/name_home/PENELOPE,"<option value=""","""/>", </option>,"<option value=""http://127.0.0.1:5000/name_home/PENELOPE""/>PENELOPE </option>"
rachel,http://127.0.0.1:5000/name_home/,http://127.0.0.1:5000/name_home/RACHEL,"<option value=""","""/>", </option>,"<option value=""http://127.0.0.1:5000/name_home/RACHEL""/>RACHEL </option>"
rebecca,http://127.0.0.1:5000/name_home/,http://127.0.0.1:5000/name_home/REBECCA,"<option value=""","""/>", </option>,"<option value=""http://127.0.0.1:5000/name_home/REBECCA""/>REBECCA </option>"
richard,http://127.0.0.1:5000/name_home/,http://127.0.0.1:5000/name_home/RICHARD,"<option value=""","""/>", </option>,"<option value=""http://127.0.0.1:5000/name_home/RICHARD""/>RICHARD </option>"
robert,http://127.0.0.1:5000/name_home/,http://127.0.0.1:5000/name_home/ROBERT,"<option value=""","""/>", </option>,"<option value=""http://127.0.0.1:5000/name_home/ROBERT""/>ROBERT </option>"
robin,http://127.0.0.1:5000/name_home/,http://127.0.0.1:5000/name_home/ROBIN,"<option value=""","""/>", </option>,"<option value=""http://127.0.0.1:5000/name_home/ROBIN""/>ROBIN </option>"
ronald,http://127.0.0.1:5000/name_home/,http://127.0.0.1:5000/name_home/RONALD,"<option value=""","""/>", </option>,"<option value=""http://127.0.0.1:5000/name_home/RONALD""/>RONALD </option>"
ryan,http://127.0.0.1:5000/name_home/,http://127.0.0.1:5000/name_home/RYAN,"<option value=""","""/>", </option>,"<option value=""http://127.0.0.1:5000/name_home/RYAN""/>RYAN </option>"
samantha,http://127.0.0.1:5000/name_home/,http://127.0.0.1:5000/name_home/SAMANTHA,"<option value=""","""/>", </option>,"<option value=""http://127.0.0.1:5000/name_home/SAMANTHA""/>SAMANTHA </option>"
sandra,http://127.0.0.1:5000/name_home/,http://127.0.0.1:5000/name_home/SANDRA,"<option value=""","""/>", </option>,"<option value=""http://127.0.0.1:5000/name_home/SANDRA""/>SANDRA </option>"
santiago,http://127.0.0.1:5000/name_home/,http://127.0.0.1:5000/name_home/SANTIAGO,"<option value=""","""/>", </option>,"<option value=""http://127.0.0.1:5000/name_home/SANTIAGO""/>SANTIAGO </option>"
sara,http://127.0.0.1:5000/name_home/,http://127.0.0.1:5000/name_home/SARA,"<option value=""","""/>", </option>,"<option value=""http://127.0.0.1:5000/name_home/SARA""/>SARA </option>"
sarah,http://127.0.0.1:5000/name_home/,http://127.0.0.1:5000/name_home/SARAH,"<option value=""","""/>", </option>,"<option value=""http://127.0.0.1:5000/name_home/SARAH""/>SARAH </option>"
scarlett,http://127.0.0.1:5000/name_home/,http://127.0.0.1:5000/name_home/SCARLETT,"<option value=""","""/>", </option>,"<option value=""http://127.0.0.1:5000/name_home/SCARLETT""/>SCARLETT </option>"
scott,http://127.0.0.1:5000/name_home/,http://127.0.0.1:5000/name_home/SCOTT,"<option value=""","""/>", </option>,"<option value=""http://127.0.0.1:5000/name_home/SCOTT""/>SCOTT </option>"
sebastian,http://127.0.0.1:5000/name_home/,http://127.0.0.1:5000/name_home/SEBASTIAN,"<option value=""","""/>", </option>,"<option value=""http://127.0.0.1:5000/name_home/SEBASTIAN""/>SEBASTIAN </option>"
shannon,http://127.0.0.1:5000/name_home/,http://127.0.0.1:5000/name_home/SHANNON,"<option value=""","""/>", </option>,"<option value=""http://127.0.0.1:5000/name_home/SHANNON""/>SHANNON </option>"
sofia,http://127.0.0.1:5000/name_home/,http://127.0.0.1:5000/name_home/SOFIA,"<option value=""","""/>", </option>,"<option value=""http://127.0.0.1:5000/name_home/SOFIA""/>SOFIA </option>"
sophia,http://127.0.0.1:5000/name_home/,http://127.0.0.1:5000/name_home/SOPHIA,"<option value=""","""/>", </option>,"<option value=""http://127.0.0.1:5000/name_home/SOPHIA""/>SOPHIA </option>"
stephanie,http://127.0.0.1:5000/name_home/,http://127.0.0.1:5000/name_home/STEPHANIE,"<option value=""","""/>", </option>,"<option value=""http://127.0.0.1:5000/name_home/STEPHANIE""/>STEPHANIE </option>"
steven,http://127.0.0.1:5000/name_home/,http://127.0.0.1:5000/name_home/STEVEN,"<option value=""","""/>", </option>,"<option value=""http://127.0.0.1:5000/name_home/STEVEN""/>STEVEN </option>"
susan,http://127.0.0.1:5000/name_home/,http://127.0.0.1:5000/name_home/SUSAN,"<option value=""","""/>", </option>,"<option value=""http://127.0.0.1:5000/name_home/SUSAN""/>SUSAN </option>"
tammy,http://127.0.0.1:5000/name_home/,http://127.0.0.1:5000/name_home/TAMMY,"<option value=""","""/>", </option>,"<option value=""http://127.0.0.1:5000/name_home/TAMMY""/>TAMMY </option>"
taylor,http://127.0.0.1:5000/name_home/,http://127.0.0.1:5000/name_home/TAYLOR,"<option value=""","""/>", </option>,"<option value=""http://127.0.0.1:5000/name_home/TAYLOR""/>TAYLOR </option>"
teresa,http://127.0.0.1:5000/name_home/,http://127.0.0.1:5000/name_home/TERESA,"<option value=""","""/>", </option>,"<option value=""http://127.0.0.1:5000/name_home/TERESA""/>TERESA </option>"
thomas,http://127.0.0.1:5000/name_home/,http://127.0.0.1:5000/name_home/THOMAS,"<option value=""","""/>", </option>,"<option value=""http://127.0.0.1:5000/name_home/THOMAS""/>THOMAS </option>"
tiffany,http://127.0.0.1:5000/name_home/,http://127.0.0.1:5000/name_home/TIFFANY,"<option value=""","""/>", </option>,"<option value=""http://127.0.0.1:5000/name_home/TIFFANY""/>TIFFANY </option>"
timothy,http://127.0.0.1:5000/name_home/,http://127.0.0.1:5000/name_home/TIMOTHY,"<option value=""","""/>", </option>,"<option value=""http://127.0.0.1:5000/name_home/TIMOTHY""/>TIMOTHY </option>"
tina,http://127.0.0.1:5000/name_home/,http://127.0.0.1:5000/name_home/TINA,"<option value=""","""/>", </option>,"<option value=""http://127.0.0.1:5000/name_home/TINA""/>TINA </option>"
tracy,http://127.0.0.1:5000/name_home/,http://127.0.0.1:5000/name_home/TRACY,"<option value=""","""/>", </option>,"<option value=""http://127.0.0.1:5000/name_home/TRACY""/>TRACY </option>"
tyler,http://127.0.0.1:5000/name_home/,http://127.0.0.1:5000/name_home/TYLER,"<option value=""","""/>", </option>,"<option value=""http://127.0.0.1:5000/name_home/TYLER""/>TYLER </option>"
valentina,http://127.0.0.1:5000/name_home/,http://127.0.0.1:5000/name_home/VALENTINA,"<option value=""","""/>", </option>,"<option value=""http://127.0.0.1:5000/name_home/VALENTINA""/>VALENTINA </option>"
valeria,http://127.0.0.1:5000/name_home/,http://127.0.0.1:5000/name_home/VALERIA,"<option value=""","""/>", </option>,"<option value=""http://127.0.0.1:5000/name_home/VALERIA""/>VALERIA </option>"
vanessa,http://127.0.0.1:5000/name_home/,http://127.0.0.1:5000/name_home/VANESSA,"<option value=""","""/>", </option>,"<option value=""http://127.0.0.1:5000/name_home/VANESSA""/>VANESSA </option>"
veronica,http://127.0.0.1:5000/name_home/,http://127.0.0.1:5000/name_home/VERONICA,"<option value=""","""/>", </option>,"<option value=""http://127.0.0.1:5000/name_home/VERONICA""/>VERONICA </option>"
victoria,http://127.0.0.1:5000/name_home/,http://127.0.0.1:5000/name_home/VICTORIA,"<option value=""","""/>", </option>,"<option value=""http://127.0.0.1:5000/name_home/VICTORIA""/>VICTORIA </option>"
wendy,http://127.0.0.1:5000/name_home/,http://127.0.0.1:5000/name_home/WENDY,"<option value=""","""/>", </option>,"<option value=""http://127.0.0.1:5000/name_home/WENDY""/>WENDY </option>"
william,http://127.0.0.1:5000/name_home/,http://127.0.0.1:5000/name_home/WILLIAM,"<option value=""","""/>", </option>,"<option value=""http://127.0.0.1:5000/name_home/WILLIAM""/>WILLIAM </option>"
zoe,http://127.0.0.1:5000/name_home/,http://127.0.0.1:5000/name_home/ZOE,"<option value=""","""/>", </option>,"<option value=""http://127.0.0.1:5000/name_home/ZOE""/>ZOE </option>"
